aaron's_rod%1:20:00::	aaron-s_rod%1:20:00::
abc's%1:09:00::	abc-s%1:09:00::
abc's%1:10:00::	abc-s%1:10:00::
abraham's_bosom%1:15:00::	abraham-s_bosom%1:15:00::
achilles'_heel%1:07:00::	achilles-_heel%1:07:00::
actor's_agent%1:18:00::	actor-s_agent%1:18:00::
actor's_assistant%1:18:00::	actor-s_assistant%1:18:00::
actor's_line%1:10:00::	actor-s_line%1:10:00::
adam's_apple%1:08:00::	adam-s_apple%1:08:00::
adam's_apple%1:20:00::	adam-s_apple%1:20:00::
adam's_needle%1:20:00::	adam-s_needle%1:20:00::
adam's_needle-and-thread%1:20:00::	adam-s_needle-and-thread%1:20:00::
adam's_peak%1:17:00::	adam-s_peak%1:17:00::
adder's_fern%1:20:00::	adder-s_fern%1:20:00::
adder's_tongue%1:20:00::	adder-s_tongue%1:20:00::
adder's_tongue_fern%1:20:00::	adder-s_tongue_fern%1:20:00::
addison's_disease%1:26:00::	addison-s_disease%1:26:00::
addison's_syndrome%1:26:00::	addison-s_syndrome%1:26:00::
aesop's_fables%1:10:00::	aesop-s_fables%1:10:00::
affaire_d'honneur%1:04:00::	affaire_d-honneur%1:04:00::
akwa'ala%1:10:00::	akwa-ala%1:10:00::
akwa'ala%1:18:00::	akwa-ala%1:18:00::
aladdin's_lamp%1:06:00::	aladdin-s_lamp%1:06:00::
albright's_disease%1:26:00::	albright-s_disease%1:26:00::
all_fools'_day%1:28:00::	all_fools-_day%1:28:00::
all_saints'_day%1:28:00::	all_saints-_day%1:28:00::
all_souls'_day%1:28:00::	all_souls-_day%1:28:00::
alpine_enchanter's_nightshade%1:20:00::	alpine_enchanter-s_nightshade%1:20:00::
alzheimer's%1:26:00::	alzheimer-s%1:26:00::
alzheimer's_disease%1:26:00::	alzheimer-s_disease%1:26:00::
andrew's_clintonia%1:20:00::	andrew-s_clintonia%1:20:00::
angel's_trumpet%1:20:01::	angel-s_trumpet%1:20:01::
angel's_trumpet%1:20:02::	angel-s_trumpet%1:20:02::
apex_of_the_sun's_way%1:15:00::	apex_of_the_sun-s_way%1:15:00::
apothecaries'_ounce%1:23:00::	apothecaries-_ounce%1:23:00::
apothecaries'_pound%1:23:00::	apothecaries-_pound%1:23:00::
apothecaries'_unit%1:23:00::	apothecaries-_unit%1:23:00::
apothecaries'_weight%1:23:00::	apothecaries-_weight%1:23:00::
apothecary's_shop%1:06:00::	apothecary-s_shop%1:06:00::
april_fools'%1:28:00::	april_fools-%1:28:00::
april_fools'_day%1:28:00::	april_fools-_day%1:28:00::
arabian_nights'_entertainment%1:10:00::	arabian_nights-_entertainment%1:10:00::
archimedes'_principle%1:09:00::	archimedes-_principle%1:09:00::
arm's_length%1:07:00::	arm-s_length%1:07:00::
artisan's_lien%1:21:00::	artisan-s_lien%1:21:00::
artist's_loft%1:06:00::	artist-s_loft%1:06:00::
artist's_model%1:18:00::	artist-s_model%1:18:00::
artist's_workroom%1:06:00::	artist-s_workroom%1:06:00::
at_arm's_length%4:02:00::	at_arm-s_length%4:02:00::
athlete's_foot%1:26:00::	athlete-s_foot%1:26:00::
athlete's_heart%1:08:00::	athlete-s_heart%1:08:00::
audubon's_caracara%1:05:00::	audubon-s_caracara%1:05:00::
audubon's_warbler%1:05:00::	audubon-s_warbler%1:05:00::
australian_hare's_foot%1:20:00::	australian_hare-s_foot%1:20:00::
author's_name%1:10:00::	author-s_name%1:10:00::
avogadro's_hypothesis%1:09:00::	avogadro-s_hypothesis%1:09:00::
avogadro's_law%1:09:00::	avogadro-s_law%1:09:00::
avogadro's_number%1:23:00::	avogadro-s_number%1:23:00::
babies'-breath%1:20:00::	babies--breath%1:20:00::
babies'_slippers%1:20:00::	babies-_slippers%1:20:00::
baby's_bed%1:06:00::	baby-s_bed%1:06:00::
baby's_breath%1:20:00::	baby-s_breath%1:20:00::
baby's_dummy%1:06:00::	baby-s_dummy%1:06:00::
baby's_room%1:06:00::	baby-s_room%1:06:00::
baby's_tears%1:20:00::	baby-s_tears%1:20:00::
bachelor's_button%1:20:01::	bachelor-s_button%1:20:01::
bachelor's_button%1:20:02::	bachelor-s_button%1:20:02::
bachelor's_degree%1:10:00::	bachelor-s_degree%1:10:00::
baker's_dozen%1:23:00::	baker-s_dozen%1:23:00::
baker's_eczema%1:26:00::	baker-s_eczema%1:26:00::
baker's_yeast%1:20:00::	baker-s_yeast%1:20:00::
bang's_disease%1:26:00::	bang-s_disease%1:26:00::
banker's_acceptance%1:21:00::	banker-s_acceptance%1:21:00::
banker's_bill%1:21:00::	banker-s_bill%1:21:00::
banker's_check%1:21:00::	banker-s_check%1:21:00::
banker's_draft%1:21:00::	banker-s_draft%1:21:00::
banti's_disease%1:26:00::	banti-s_disease%1:26:00::
banti's_syndrome%1:26:00::	banti-s_syndrome%1:26:00::
barber's_itch%1:26:00::	barber-s_itch%1:26:00::
barber's_pole%1:10:00::	barber-s_pole%1:10:00::
barnaby's_thistle%1:20:00::	barnaby-s_thistle%1:20:00::
barrow's_goldeneye%1:05:00::	barrow-s_goldeneye%1:05:00::
bartholin's_gland%1:08:00::	bartholin-s_gland%1:08:00::
batter's_box%1:06:00::	batter-s_box%1:06:00::
bear's_breech%1:20:00::	bear-s_breech%1:20:00::
bear's_breeches%1:20:00::	bear-s_breeches%1:20:00::
bear's_ear%1:20:00::	bear-s_ear%1:20:00::
bear's_foot%1:20:00::	bear-s_foot%1:20:00::
bear's_grape%1:20:00::	bear-s_grape%1:20:00::
bear's-paw_fern%1:20:00::	bear-s-paw_fern%1:20:00::
beggar's_lice%1:20:00::	beggar-s_lice%1:20:00::
beggar's_lice%1:20:02::	beggar-s_lice%1:20:02::
beggar's-ticks%1:20:00::	beggar-s-ticks%1:20:00::
bernoulli's_law%1:09:00::	bernoulli-s_law%1:09:00::
bewick's_swan%1:05:00::	bewick-s_swan%1:05:00::
binder's_board%1:27:00::	binder-s_board%1:27:00::
bird's_eye%1:20:00::	bird-s_eye%1:20:00::
bird's-eye%5:00:00:wide:00	bird-s-eye%5:00:00:wide:00
bird's-eye_bush%1:20:00::	bird-s-eye_bush%1:20:00::
bird's-eye_maple%1:20:00::	bird-s-eye_maple%1:20:00::
bird's_foot%1:05:00::	bird-s_foot%1:05:00::
bird's_foot_clover%1:20:00::	bird-s_foot_clover%1:20:00::
bird's-foot_fern%1:20:00::	bird-s-foot_fern%1:20:00::
bird's_foot_trefoil%1:20:01::	bird-s_foot_trefoil%1:20:01::
bird's_foot_trefoil%1:20:02::	bird-s_foot_trefoil%1:20:02::
bird's-foot_violet%1:20:00::	bird-s-foot_violet%1:20:00::
bird's_nest%1:17:00::	bird-s_nest%1:17:00::
bird's_nest_fern%1:20:01::	bird-s_nest_fern%1:20:01::
bird's-nest_fungus%1:20:00::	bird-s-nest_fungus%1:20:00::
bishop's_cap%1:20:00::	bishop-s_cap%1:20:00::
bishop's_hat%1:20:00::	bishop-s_hat%1:20:00::
bishop's_pine%1:20:00::	bishop-s_pine%1:20:00::
bishop's_throne%1:06:00::	bishop-s_throne%1:06:00::
bleeder's_disease%1:26:00::	bleeder-s_disease%1:26:00::
blindman's_buff%1:04:00::	blindman-s_buff%1:04:00::
boatswain's_chair%1:06:00::	boatswain-s_chair%1:06:00::
boltzmann's_constant%1:23:00::	boltzmann-s_constant%1:23:00::
boott's_goldenrod%1:20:00::	boott-s_goldenrod%1:20:00::
borrower's_card%1:10:00::	borrower-s_card%1:10:00::
bosin's_disease%1:26:00::	bosin-s_disease%1:26:00::
bo's'n%1:18:00::	bo-s-n%1:18:00::
bos'n%1:18:00::	bos-n%1:18:00::
bo'sun%1:18:00::	bo-sun%1:18:00::
bosun's_chair%1:06:00::	bosun-s_chair%1:06:00::
bowman's_capsule%1:08:00::	bowman-s_capsule%1:08:00::
boyle's_law%1:09:00::	boyle-s_law%1:09:00::
bradley's_spleenwort%1:20:00::	bradley-s_spleenwort%1:20:00::
bramley's_seedling%1:13:00::	bramley-s_seedling%1:13:00::
braun's_holly_fern%1:20:00::	braun-s_holly_fern%1:20:00::
break_one's_back%2:41:00::	break_one-s_back%2:41:00::
brewer's_mole%1:05:00::	brewer-s_mole%1:05:00::
brewer's_mountain_heather%1:20:00::	brewer-s_mountain_heather%1:20:00::
brewer's_spruce%1:20:00::	brewer-s_spruce%1:20:00::
brewer's_yeast%1:20:00::	brewer-s_yeast%1:20:00::
brewer's_yeast%1:27:00::	brewer-s_yeast%1:27:00::
bricklayer's_hammer%1:06:00::	bricklayer-s_hammer%1:06:00::
bride's_bonnet%1:20:00::	bride-s_bonnet%1:20:00::
bright's_disease%1:26:00::	bright-s_disease%1:26:00::
broca's_aphasia%1:26:00::	broca-s_aphasia%1:26:00::
broca's_area%1:08:00::	broca-s_area%1:08:00::
broca's_center%1:08:00::	broca-s_center%1:08:00::
broca's_convolution%1:08:00::	broca-s_convolution%1:08:00::
broca's_gyrus%1:08:00::	broca-s_gyrus%1:08:00::
brodmann's_area%1:08:00::	brodmann-s_area%1:08:00::
bullock's_heart%1:13:00::	bullock-s_heart%1:13:00::
bullock's_heart%1:20:00::	bullock-s_heart%1:20:00::
bullock's_heart_tree%1:20:00::	bullock-s_heart_tree%1:20:00::
bullock's_oriole%1:05:00::	bullock-s_oriole%1:05:00::
bull's_eye%1:04:00::	bull-s_eye%1:04:00::
bull's_eye%1:04:01::	bull-s_eye%1:04:01::
bull's_eye%1:15:00::	bull-s_eye%1:15:00::
burchell's_zebra%1:05:00::	burchell-s_zebra%1:05:00::
bushman's_poison%1:20:00::	bushman-s_poison%1:20:00::
busman's_holiday%1:04:00::	busman-s_holiday%1:04:00::
butcher's_broom%1:20:00::	butcher-s_broom%1:20:00::
buyer's_market%1:04:00::	buyer-s_market%1:04:00::
bvd's%1:06:00::	bvd-s%1:06:00::
cable's_length%1:23:00::	cable-s_length%1:23:00::
caesar's_agaric%1:20:00::	caesar-s_agaric%1:20:00::
calf's_brain%1:13:00::	calf-s_brain%1:13:00::
calf's-foot_jelly%1:13:00::	calf-s-foot_jelly%1:13:00::
calf's_liver%1:13:00::	calf-s_liver%1:13:00::
calf's_tongue%1:13:00::	calf-s_tongue%1:13:00::
california_four_o'clock%1:20:00::	california_four_o-clock%1:20:00::
california_lady's_slipper%1:20:00::	california_lady-s_slipper%1:20:00::
calves'_feet%1:13:00::	calves-_feet%1:13:00::
calves'_liver%1:13:00::	calves-_liver%1:13:00::
camel's_hair%1:06:00::	camel-s_hair%1:06:00::
canary_island_hare's_foot_fern%1:20:00::	canary_island_hare-s_foot_fern%1:20:00::
captain's_chair%1:06:00::	captain-s_chair%1:06:00::
carnot's_ideal_cycle%1:11:00::	carnot-s_ideal_cycle%1:11:00::
carpenter's_hammer%1:06:00::	carpenter-s_hammer%1:06:00::
carpenter's_kit%1:06:00::	carpenter-s_kit%1:06:00::
carpenter's_level%1:06:00::	carpenter-s_level%1:06:00::
carpenter's_mallet%1:06:00::	carpenter-s_mallet%1:06:00::
carpenter's_plane%1:06:00::	carpenter-s_plane%1:06:00::
carpenter's_rule%1:06:00::	carpenter-s_rule%1:06:00::
carpenter's_saw%1:06:00::	carpenter-s_saw%1:06:00::
carpenter's_square%1:06:00::	carpenter-s_square%1:06:00::
cashier's_check%1:21:00::	cashier-s_check%1:21:00::
cashier's_cheque%1:21:00::	cashier-s_cheque%1:21:00::
cassin's_kingbird%1:05:00::	cassin-s_kingbird%1:05:00::
catcher's_mask%1:06:00::	catcher-s_mask%1:06:00::
catch_one's_breath%2:32:00::	catch_one-s_breath%2:32:00::
catch_some_z's%2:29:00::	catch_some_z-s%2:29:00::
cat-o'-nine-tails%1:06:00::	cat-o--nine-tails%1:06:00::
cat's-claw%1:20:00::	cat-s-claw%1:20:00::
cat's_cradle%1:04:00::	cat-s_cradle%1:04:00::
cat's-ear%1:20:01::	cat-s-ear%1:20:01::
cat's-ear%1:20:02::	cat-s-ear%1:20:02::
cat's_eye%1:27:00::	cat-s_eye%1:27:00::
cat's_feet%1:20:00::	cat-s_feet%1:20:00::
cat's_foot%1:20:00::	cat-s_foot%1:20:00::
cat's-paw%1:06:00::	cat-s-paw%1:06:00::
cat's-paw%1:18:00::	cat-s-paw%1:18:00::
cat's-tail%1:20:02::	cat-s-tail%1:20:02::
charge_d'affaires%1:18:00::	charge_d-affaires%1:18:00::
charles'_law%1:09:00::	charles-_law%1:09:00::
charles's_wain%1:17:00::	charles-s_wain%1:17:00::
chef-d'oeuvre%1:06:00::	chef-d-oeuvre%1:06:00::
chef's_salad%1:13:00::	chef-s_salad%1:13:00::
chemist's%1:06:00::	chemist-s%1:06:00::
chemist's_shop%1:06:00::	chemist-s_shop%1:06:00::
child's_body%1:08:00::	child-s_body%1:08:00::
child's_game%1:04:00::	child-s_game%1:04:00::
child's_play%1:04:00::	child-s_play%1:04:00::
child's_play%1:04:01::	child-s_play%1:04:01::
child's_room%1:06:00::	child-s_room%1:06:00::
ch'ing%1:14:00::	ch-ing%1:14:00::
ch'ing_dynasty%1:14:00::	ch-ing_dynasty%1:14:00::
christ's-thorn%1:20:01::	christ-s-thorn%1:20:01::
christ's-thorn%1:20:02::	christ-s-thorn%1:20:02::
chuck-will's-widow%1:05:00::	chuck-will-s-widow%1:05:00::
clark's_nutcracker%1:05:00::	clark-s_nutcracker%1:05:00::
climbing_bird's_nest_fern%1:20:00::	climbing_bird-s_nest_fern%1:20:00::
clinton's_lily%1:20:00::	clinton-s_lily%1:20:00::
clustered_lady's_slipper%1:20:00::	clustered_lady-s_slipper%1:20:00::
coal_miner's_lung%1:26:00::	coal_miner-s_lung%1:26:00::
cobbler's_last%1:06:00::	cobbler-s_last%1:06:00::
cock's_eggs%1:20:00::	cock-s_eggs%1:20:00::
coeur_d'alene%1:15:00::	coeur_d-alene%1:15:00::
cold's_foot%1:20:00::	cold-s_foot%1:20:00::
collector's_item%1:06:00::	collector-s_item%1:06:00::
colorado_four_o'clock%1:20:00::	colorado_four_o-clock%1:20:00::
commedia_dell'arte%1:10:00::	commedia_dell-arte%1:10:00::
common_devil's_claw%1:20:00::	common_devil-s_claw%1:20:00::
common_four-o'clock%1:20:00::	common_four-o-clock%1:20:00::
common_lady's-slipper%1:20:00::	common_lady-s-slipper%1:20:00::
common_st_john's_wort%1:20:00::	common_st_john-s_wort%1:20:00::
comstock's_mealybug%1:05:00::	comstock-s_mealybug%1:05:00::
conn's_syndrome%1:26:00::	conn-s_syndrome%1:26:00::
cooley's_anaemia%1:26:00::	cooley-s_anaemia%1:26:00::
cooley's_anemia%1:26:00::	cooley-s_anemia%1:26:00::
cooper's_hawk%1:05:00::	cooper-s_hawk%1:05:00::
copper's_nark%1:18:00::	copper-s_nark%1:18:00::
cote_d'azur%1:15:00::	cote_d-azur%1:15:00::
cote_d'ivoire%1:15:00::	cote_d-ivoire%1:15:00::
cote_d'ivoire_franc%1:23:00::	cote_d-ivoire_franc%1:23:00::
coulomb's_law%1:09:00::	coulomb-s_law%1:09:00::
coup_d'etat%1:04:00::	coup_d-etat%1:04:00::
coup_d'oeil%1:04:00::	coup_d-oeil%1:04:00::
court_of_saint_james's%1:14:00::	court_of_saint_james-s%1:14:00::
cowper's_gland%1:08:00::	cowper-s_gland%1:08:00::
cow's_head%1:20:00::	cow-s_head%1:20:00::
cows'_milk%1:13:00::	cows-_milk%1:13:00::
cox's_orange_pippin%1:13:00::	cox-s_orange_pippin%1:13:00::
crane's_bill%1:20:00::	crane-s_bill%1:20:00::
creeping_st_john's_wort%1:20:00::	creeping_st_john-s_wort%1:20:00::
crohn's_disease%1:26:00::	crohn-s_disease%1:26:00::
cross_one's_eyes%2:29:00::	cross_one-s_eyes%2:29:00::
croupier's_rake%1:06:00::	croupier-s_rake%1:06:00::
crow's_feet%1:25:00::	crow-s_feet%1:25:00::
crow's_foot%1:20:00::	crow-s_foot%1:20:00::
crow's_foot%1:25:00::	crow-s_foot%1:25:00::
crow's_nest%1:06:00::	crow-s_nest%1:06:00::
cuckoo's_nest%1:06:00::	cuckoo-s_nest%1:06:00::
culver's_physic%1:20:00::	culver-s_physic%1:20:00::
culver's_root%1:20:00::	culver-s_root%1:20:00::
cupid's_bow%1:06:00::	cupid-s_bow%1:06:00::
cupid's_bow%1:25:00::	cupid-s_bow%1:25:00::
cupid's_dart%1:20:00::	cupid-s_dart%1:20:00::
cupid's_disease%1:26:00::	cupid-s_disease%1:26:00::
cupid's_itch%1:26:00::	cupid-s_itch%1:26:00::
cushing's_disease%1:26:00::	cushing-s_disease%1:26:00::
cushing's_syndrome%1:26:00::	cushing-s_syndrome%1:26:00::
custer's_last_stand%1:04:00::	custer-s_last_stand%1:04:00::
customer's_broker%1:18:00::	customer-s_broker%1:18:00::
customer's_man%1:18:00::	customer-s_man%1:18:00::
dall's_sheep%1:05:00::	dall-s_sheep%1:05:00::
dalton's_law%1:09:00::	dalton-s_law%1:09:00::
dalton's_law%1:09:01::	dalton-s_law%1:09:01::
dalton's_law_of_partial_pressures%1:09:00::	dalton-s_law_of_partial_pressures%1:09:00::
dame's_violet%1:20:00::	dame-s_violet%1:20:00::
darier's_disease%1:26:00::	darier-s_disease%1:26:00::
davidson's_penstemon%1:20:00::	davidson-s_penstemon%1:20:00::
davis'_birthday%1:28:00::	davis-_birthday%1:28:00::
davy_jones's_locker%1:17:00::	davy_jones-s_locker%1:17:00::
davy's_gray%1:27:00::	davy-s_gray%1:27:00::
dawson's_encephalitis%1:26:00::	dawson-s_encephalitis%1:26:00::
dead-man's-fingers%1:20:00::	dead-man-s-fingers%1:20:00::
dead-men's-fingers%1:20:00::	dead-men-s-fingers%1:20:00::
death's_head%1:10:00::	death-s_head%1:10:00::
death's-head_moth%1:05:00::	death-s-head_moth%1:05:00::
deer's-ear%1:20:00::	deer-s-ear%1:20:00::
deer's-ears%1:20:00::	deer-s-ears%1:20:00::
de_l'orme%1:18:00::	de_l-orme%1:18:00::
democratic_people's_republic_of_korea%1:15:00::	democratic_people-s_republic_of_korea%1:15:00::
dentist's_drill%1:06:00::	dentist-s_drill%1:06:00::
desert_four_o'clock%1:20:00::	desert_four_o-clock%1:20:00::
devil's_advocate%1:18:00::	devil-s_advocate%1:18:00::
devil's_apples%1:20:00::	devil-s_apples%1:20:00::
devil's_cigar%1:20:00::	devil-s_cigar%1:20:00::
devil's_claw%1:20:00::	devil-s_claw%1:20:00::
devil's_darning_needle%1:05:00::	devil-s_darning_needle%1:05:00::
devil's_darning_needle%1:20:00::	devil-s_darning_needle%1:20:00::
devil's_fig%1:20:00::	devil-s_fig%1:20:00::
devil's_flax%1:20:00::	devil-s_flax%1:20:00::
devil's_food%1:13:00::	devil-s_food%1:13:00::
devil's_food_cake%1:13:00::	devil-s_food_cake%1:13:00::
devil's_milk%1:20:01::	devil-s_milk%1:20:01::
devil's_milk%1:20:02::	devil-s_milk%1:20:02::
devil's_tongue%1:20:00::	devil-s_tongue%1:20:00::
devil's_urn%1:20:00::	devil-s_urn%1:20:00::
devil's_walking_stick%1:20:00::	devil-s_walking_stick%1:20:00::
devil's_weed%1:20:00::	devil-s_weed%1:20:00::
dhu'l-hijja%1:28:00::	dhu-l-hijja%1:28:00::
dhu'l-qa'dah%1:28:00::	dhu-l-qa-dah%1:28:00::
dippel's_oil%1:27:00::	dippel-s_oil%1:27:00::
doctor's_bill%1:10:00::	doctor-s_bill%1:10:00::
doctor's_degree%1:10:00::	doctor-s_degree%1:10:00::
dog's_mercury%1:20:00::	dog-s_mercury%1:20:00::
dog's-tooth_check%1:06:00::	dog-s-tooth_check%1:06:00::
dog's-tooth_violet%1:20:00::	dog-s-tooth_violet%1:20:00::
doll's_eyes%1:20:00::	doll-s_eyes%1:20:00::
doll's_house%1:06:00::	doll-s_house%1:06:00::
doll's_house%1:06:01::	doll-s_house%1:06:01::
don't-know%1:18:00::	don-t-know%1:18:00::
do_one's_best%2:41:00::	do_one-s_best%2:41:00::
dover's_powder%1:06:00::	dover-s_powder%1:06:00::
dove's_foot_geranium%1:20:00::	dove-s_foot_geranium%1:20:00::
down's_syndrome%1:26:00::	down-s_syndrome%1:26:00::
d'oyly_carte%1:18:00::	d-oyly_carte%1:18:00::
drag_one's_feet%2:42:00::	drag_one-s_feet%2:42:00::
dragon's_blood%1:27:00::	dragon-s_blood%1:27:00::
dragon's_eye%1:13:00::	dragon-s_eye%1:13:00::
dragon's_head%1:20:00::	dragon-s_head%1:20:00::
dragon's_mouth%1:20:00::	dragon-s_mouth%1:20:00::
dressmaker's_model%1:18:00::	dressmaker-s_model%1:18:00::
driver's_license%1:10:00::	driver-s_license%1:10:00::
duc_d'elchingen%1:18:00::	duc_d-elchingen%1:18:00::
duchenne's_muscular_dystrophy%1:26:00::	duchenne-s_muscular_dystrophy%1:26:00::
duck's_egg%1:23:00::	duck-s_egg%1:23:00::
duke_of_argyll's_tea_tree%1:20:00::	duke_of_argyll-s_tea_tree%1:20:00::
dunce's_cap%1:06:00::	dunce-s_cap%1:06:00::
dutchman's_breeches%1:20:00::	dutchman-s_breeches%1:20:00::
dutchman's-pipe%1:20:00::	dutchman-s-pipe%1:20:00::
dyer's-broom%1:20:00::	dyer-s-broom%1:20:00::
dyers'_chamomile%1:20:00::	dyers-_chamomile%1:20:00::
dyer's_greenweed%1:20:00::	dyer-s_greenweed%1:20:00::
dyer's_mignonette%1:20:00::	dyer-s_mignonette%1:20:00::
dyer's_rocket%1:20:00::	dyer-s_rocket%1:20:00::
dyer's_weed%1:20:00::	dyer-s_weed%1:20:00::
dyer's_woad%1:20:00::	dyer-s_woad%1:20:00::
dyer's_woodruff%1:20:00::	dyer-s_woodruff%1:20:00::
earth's_crust%1:17:00::	earth-s_crust%1:17:00::
earth's_surface%1:17:00::	earth-s_surface%1:17:00::
edna_o'brien%1:18:00::	edna_o-brien%1:18:00::
e'en%4:02:00::	e-en%4:02:00::
e'er%4:02:00::	e-er%4:02:00::
einstein's_general_theory_of_relativity%1:09:00::	einstein-s_general_theory_of_relativity%1:09:00::
einstein's_special_theory_of_relativity%1:09:00::	einstein-s_special_theory_of_relativity%1:09:00::
einstein's_theory_of_relativity%1:09:00::	einstein-s_theory_of_relativity%1:09:00::
elegant_cat's_ears%1:20:00::	elegant_cat-s_ears%1:20:00::
elephant's_ear%1:20:01::	elephant-s_ear%1:20:01::
elephant's_ear%1:20:02::	elephant-s_ear%1:20:02::
elephant's-foot%1:20:01::	elephant-s-foot%1:20:01::
elephant's-foot%1:20:02::	elephant-s-foot%1:20:02::
elliott's_goldenrod%1:20:00::	elliott-s_goldenrod%1:20:00::
enchanter's_nightshade%1:20:00::	enchanter-s_nightshade%1:20:00::
engelmann's_spruce%1:20:00::	engelmann-s_spruce%1:20:00::
engineer's_chain%1:23:00::	engineer-s_chain%1:23:00::
entr'acte%1:04:00::	entr-acte%1:04:00::
entr'acte%1:28:00::	entr-acte%1:28:00::
erb's_palsy%1:26:00::	erb-s_palsy%1:26:00::
eugene_gladstone_o'neill%1:18:00::	eugene_gladstone_o-neill%1:18:00::
eugene_o'neill%1:18:00::	eugene_o-neill%1:18:00::
european_ladies'_tresses%1:20:00::	european_ladies-_tresses%1:20:00::
ewing's_sarcoma%1:26:00::	ewing-s_sarcoma%1:26:00::
ewing's_tumor%1:26:00::	ewing-s_tumor%1:26:00::
ewing's_tumour%1:26:00::	ewing-s_tumour%1:26:00::
explorer's_gentian%1:20:00::	explorer-s_gentian%1:20:00::
fallot's_syndrome%1:26:00::	fallot-s_syndrome%1:26:00::
fallot's_tetralogy%1:26:00::	fallot-s_tetralogy%1:26:00::
false_baby's_breath%1:20:00::	false_baby-s_breath%1:20:00::
fanconi's_anaemia%1:26:00::	fanconi-s_anaemia%1:26:00::
fanconi's_anemia%1:26:00::	fanconi-s_anemia%1:26:00::
farmer's_calendar%1:10:00::	farmer-s_calendar%1:10:00::
farmer's_cheese%1:13:00::	farmer-s_cheese%1:13:00::
farmer's_lung%1:26:00::	farmer-s_lung%1:26:00::
farmer's_market%1:06:00::	farmer-s_market%1:06:00::
father's_day%1:28:00::	father-s_day%1:28:00::
fechner's_law%1:09:00::	fechner-s_law%1:09:00::
fehling's_solution%1:27:00::	fehling-s_solution%1:27:00::
fencer's_mask%1:06:00::	fencer-s_mask%1:06:00::
finger's_breadth%1:23:00::	finger-s_breadth%1:23:00::
fireman's_ax%1:06:00::	fireman-s_ax%1:06:00::
fireman's_axe%1:06:00::	fireman-s_axe%1:06:00::
fireman's_carry%1:04:00::	fireman-s_carry%1:04:00::
fischer's_slime_mushroom%1:20:00::	fischer-s_slime_mushroom%1:20:00::
fisherman's_bend%1:06:00::	fisherman-s_bend%1:06:00::
fisherman's_knot%1:06:00::	fisherman-s_knot%1:06:00::
fisherman's_lure%1:06:00::	fisherman-s_lure%1:06:00::
five-point_bishop's_cap%1:20:00::	five-point_bishop-s_cap%1:20:00::
flannery_o'connor%1:18:00::	flannery_o-connor%1:18:00::
florest's_cineraria%1:20:00::	florest-s_cineraria%1:20:00::
florist's_chrysanthemum%1:20:00::	florist-s_chrysanthemum%1:20:00::
florists'_chrysanthemum%1:20:00::	florists-_chrysanthemum%1:20:00::
florist's_gloxinia%1:20:00::	florist-s_gloxinia%1:20:00::
florist's_willow%1:20:00::	florist-s_willow%1:20:00::
fo'c'sle%1:06:00::	fo-c-sle%1:06:00::
fool's_cap%1:06:00::	fool-s_cap%1:06:00::
fool's_errand%1:04:00::	fool-s_errand%1:04:00::
fool's_gold%1:27:00::	fool-s_gold%1:27:00::
fool's_huckleberry%1:20:00::	fool-s_huckleberry%1:20:00::
fool's_paradise%1:26:00::	fool-s_paradise%1:26:00::
fool's_parsley%1:20:00::	fool-s_parsley%1:20:00::
four_o'clock%1:20:00::	four_o-clock%1:20:00::
four-o'clock_family%1:20:00::	four-o-clock_family%1:20:00::
francoise_d'aubigne%1:18:00::	francoise_d-aubigne%1:18:00::
frankenstein's_monster%1:18:00::	frankenstein-s_monster%1:18:00::
friar's-cowl%1:20:00::	friar-s-cowl%1:20:00::
friar's_lantern%1:19:00::	friar-s_lantern%1:19:00::
friedreich's_ataxia%1:26:00::	friedreich-s_ataxia%1:26:00::
frog's-bit%1:20:00::	frog-s-bit%1:20:00::
frog's-bit_family%1:20:00::	frog-s-bit_family%1:20:00::
frog's_lettuce%1:20:00::	frog-s_lettuce%1:20:00::
frost's_bolete%1:20:00::	frost-s_bolete%1:20:00::
fuller's_earth%1:27:00::	fuller-s_earth%1:27:00::
fuller's_teasel%1:20:00::	fuller-s_teasel%1:20:00::
gangster's_moll%1:18:00::	gangster-s_moll%1:18:00::
garageman's_lien%1:21:00::	garageman-s_lien%1:21:00::
gardener's_delight%1:20:00::	gardener-s_delight%1:20:00::
gardener's_garters%1:20:00::	gardener-s_garters%1:20:00::
gartner's_bacillus%1:05:00::	gartner-s_bacillus%1:05:00::
gaucher's_disease%1:26:00::	gaucher-s_disease%1:26:00::
gay-lussac's_law%1:09:00::	gay-lussac-s_law%1:09:00::
gentleman's-cane%1:20:00::	gentleman-s-cane%1:20:00::
gentleman's_gentleman%1:18:00::	gentleman-s_gentleman%1:18:00::
gentlemen's_agreement%1:10:00::	gentlemen-s_agreement%1:10:00::
give_one's_best%2:41:00::	give_one-s_best%2:41:00::
glauber's_salt%1:27:00::	glauber-s_salt%1:27:00::
glauber's_salts%1:27:00::	glauber-s_salts%1:27:00::
goat's_foot%1:20:00::	goat-s_foot%1:20:00::
goats'_milk%1:13:00::	goats-_milk%1:13:00::
goat's_rue%1:20:01::	goat-s_rue%1:20:01::
goat's_rue%1:20:02::	goat-s_rue%1:20:02::
god's_acre%1:15:00::	god-s_acre%1:15:00::
god's_will%1:26:00::	god-s_will%1:26:00::
god's_wisdom%1:26:00::	god-s_wisdom%1:26:00::
goldie's_fern%1:20:00::	goldie-s_fern%1:20:00::
goldie's_shield_fern%1:20:00::	goldie-s_shield_fern%1:20:00::
goldie's_wood_fern%1:20:00::	goldie-s_wood_fern%1:20:00::
golgi's_cell%1:08:00::	golgi-s_cell%1:08:00::
governor's_plum%1:20:00::	governor-s_plum%1:20:00::
governor's_race%1:11:00::	governor-s_race%1:11:00::
gram's_method%1:04:00::	gram-s_method%1:04:00::
gram's_procedure%1:04:00::	gram-s_procedure%1:04:00::
gram's_stain%1:04:00::	gram-s_stain%1:04:00::
granny's_bonnets%1:20:00::	granny-s_bonnets%1:20:00::
graves'_disease%1:26:00::	graves-_disease%1:26:00::
great_solomon's-seal%1:20:00::	great_solomon-s-seal%1:20:00::
great_st_john's_wort%1:20:00::	great_st_john-s_wort%1:20:00::
green_adder's_mouth%1:20:00::	green_adder-s_mouth%1:20:00::
gresham's_law%1:09:00::	gresham-s_law%1:09:00::
grevy's_zebra%1:05:00::	grevy-s_zebra%1:05:00::
grimes'_golden%1:13:00::	grimes-_golden%1:13:00::
grimm's_law%1:09:00::	grimm-s_law%1:09:00::
gunter's_chain%1:23:00::	gunter-s_chain%1:23:00::
hadrian's_wall%1:15:00::	hadrian-s_wall%1:15:00::
hair's-breadth%1:23:00::	hair-s-breadth%1:23:00::
hallowe'en%1:28:00::	hallowe-en%1:28:00::
hall's_honeysuckle%1:20:00::	hall-s_honeysuckle%1:20:00::
hangman's_halter%1:06:00::	hangman-s_halter%1:06:00::
hangman's_rope%1:06:00::	hangman-s_rope%1:06:00::
hansen's_disease%1:26:00::	hansen-s_disease%1:26:00::
ha'penny%1:21:00::	ha-penny%1:21:00::
ha'p'orth%1:23:00::	ha-p-orth%1:23:00::
hare's-foot_bristle_fern%1:20:00::	hare-s-foot_bristle_fern%1:20:00::
hare's-foot_fern%1:20:00::	hare-s-foot_fern%1:20:00::
hart's-tongue%1:20:00::	hart-s-tongue%1:20:00::
hart's-tongue%1:20:02::	hart-s-tongue%1:20:02::
hart's-tongue_fern%1:20:01::	hart-s-tongue_fern%1:20:01::
hart's-tongue_fern%1:20:02::	hart-s-tongue_fern%1:20:02::
hart's-tongue_fern%1:20:03::	hart-s-tongue_fern%1:20:03::
hashimoto's_disease%1:26:00::	hashimoto-s_disease%1:26:00::
hawk's-beard%1:20:00::	hawk-s-beard%1:20:00::
hawk's-beards%1:20:00::	hawk-s-beards%1:20:00::
hell's_half_acre%1:15:00::	hell-s_half_acre%1:15:00::
hell's_kitchen%1:15:00::	hell-s_kitchen%1:15:00::
henry's_law%1:09:00::	henry-s_law%1:09:00::
hercules'-club%1:20:01::	hercules--club%1:20:01::
hercules'-club%1:20:02::	hercules--club%1:20:02::
hercules'-clubs%1:20:01::	hercules--clubs%1:20:01::
herd's_grass%1:20:00::	herd-s_grass%1:20:00::
heron's_bill%1:20:00::	heron-s_bill%1:20:00::
hirschsprung's_disease%1:26:00::	hirschsprung-s_disease%1:26:00::
hobson's_choice%1:09:00::	hobson-s_choice%1:09:00::
hodgkin's_disease%1:26:00::	hodgkin-s_disease%1:26:00::
hold_one's_own%2:41:00::	hold_one-s_own%2:41:00::
hold_one's_own%2:42:00::	hold_one-s_own%2:42:00::
holy_innocents'_day%1:28:00::	holy_innocents-_day%1:28:00::
hooded_ladies'_tresses%1:20:00::	hooded_ladies-_tresses%1:20:00::
hooker's_green%1:27:00::	hooker-s_green%1:27:00::
hooker's_onion%1:20:00::	hooker-s_onion%1:20:00::
hooker's_orchid%1:20:00::	hooker-s_orchid%1:20:00::
hooke's_law%1:09:00::	hooke-s_law%1:09:00::
horner's_syndrome%1:26:00::	horner-s_syndrome%1:26:00::
hornet's_nest%1:17:00::	hornet-s_nest%1:17:00::
hors_d'oeuvre%1:13:00::	hors_d-oeuvre%1:13:00::
horse's_foot%1:05:00::	horse-s_foot%1:05:00::
horse's_hoof%1:05:00::	horse-s_hoof%1:05:00::
hottentot's_bread%1:20:00::	hottentot-s_bread%1:20:00::
hottentot's_bread_vine%1:20:00::	hottentot-s_bread_vine%1:20:00::
hottentot's_fig%1:20:00::	hottentot-s_fig%1:20:00::
hound's-tongue%1:20:01::	hound-s-tongue%1:20:01::
hound's-tongue%1:20:02::	hound-s-tongue%1:20:02::
hound's-tooth_check%1:06:00::	hound-s-tooth_check%1:06:00::
housemaid's_knee%1:26:00::	housemaid-s_knee%1:26:00::
how-d'ye-do%1:26:00::	how-d-ye-do%1:26:00::
hubble's_constant%1:23:00::	hubble-s_constant%1:23:00::
hubble's_law%1:09:00::	hubble-s_law%1:09:00::
humming_bird's_trumpet%1:20:00::	humming_bird-s_trumpet%1:20:00::
hundred_years'_war%1:04:00::	hundred_years-_war%1:04:00::
hunter's_chicken%1:13:00::	hunter-s_chicken%1:13:00::
hunter's_sauce%1:13:00::	hunter-s_sauce%1:13:00::
huntington's_chorea%1:26:00::	huntington-s_chorea%1:26:00::
huntington's_disease%1:26:00::	huntington-s_disease%1:26:00::
huntsman's_cup%1:20:00::	huntsman-s_cup%1:20:00::
huntsman's_cups%1:20:00::	huntsman-s_cups%1:20:00::
huntsman's_horn%1:20:00::	huntsman-s_horn%1:20:00::
huntsman's_horns%1:20:00::	huntsman-s_horns%1:20:00::
hurler's_disease%1:26:00::	hurler-s_disease%1:26:00::
hurler's_syndrome%1:26:00::	hurler-s_syndrome%1:26:00::
huygens'_principle_of_superposition%1:09:00::	huygens-_principle_of_superposition%1:09:00::
in_a_pig's_eye%4:02:00::	in_a_pig-s_eye%4:02:00::
in_everyone's_thoughts%4:02:00::	in_everyone-s_thoughts%4:02:00::
infant's-breath%1:20:00::	infant-s-breath%1:20:00::
informer's_privilege%1:07:00::	informer-s_privilege%1:07:00::
innocents'_day%1:28:00::	innocents-_day%1:28:00::
in_one's_birthday_suit%5:00:00:unclothed:00	in_one-s_birthday_suit%5:00:00:unclothed:00
in_one's_own_right%4:02:00::	in_one-s_own_right%4:02:00::
jack-o'-lantern%1:06:00::	jack-o--lantern%1:06:00::
jack-o'-lantern%1:19:00::	jack-o--lantern%1:19:00::
jacob's_ladder%1:06:00::	jacob-s_ladder%1:06:00::
jacob's_ladder%1:20:00::	jacob-s_ladder%1:20:00::
jacob's_rod%1:20:00::	jacob-s_rod%1:20:00::
jacob's_staff%1:20:00::	jacob-s_staff%1:20:00::
jacquemier's_sign%1:26:00::	jacquemier-s_sign%1:26:00::
jeanne_d'arc%1:18:00::	jeanne_d-arc%1:18:00::
jefferson_davis'_birthday%1:28:00::	jefferson_davis-_birthday%1:28:00::
jeffrey's_pine%1:20:00::	jeffrey-s_pine%1:20:00::
jehovah's_witness%1:18:00::	jehovah-s_witness%1:18:00::
jehovah's_witnesses%1:14:00::	jehovah-s_witnesses%1:14:00::
jesuit's_bark%1:20:00::	jesuit-s_bark%1:20:00::
jesuits'_nut%1:20:00::	jesuits-_nut%1:20:00::
jeu_d'esprit%1:10:00::	jeu_d-esprit%1:10:00::
jeweler's_glass%1:06:00::	jeweler-s_glass%1:06:00::
jeweler's_loupe%1:06:00::	jeweler-s_loupe%1:06:00::
jew's-ear%1:20:00::	jew-s-ear%1:20:00::
jew's-ears%1:20:00::	jew-s-ears%1:20:00::
jew's_harp%1:06:00::	jew-s_harp%1:06:00::
jews'_harp%1:06:00::	jews-_harp%1:06:00::
job's_comforter%1:18:00::	job-s_comforter%1:18:00::
job's_tears%1:20:00::	job-s_tears%1:20:00::
john_henry_o'hara%1:18:00::	john_henry_o-hara%1:18:00::
john's_cabbage%1:20:00::	john-s_cabbage%1:20:00::
jones'_penstemon%1:20:00::	jones-_penstemon%1:20:00::
joseph's_coat%1:20:01::	joseph-s_coat%1:20:01::
journalist's_privilege%1:07:00::	journalist-s_privilege%1:07:00::
judge's_robe%1:06:00::	judge-s_robe%1:06:00::
jupiter's_beard%1:20:00::	jupiter-s_beard%1:20:00::
k2'%1:17:00::	k2-%1:17:00::
kangaroo's-foot%1:20:00::	kangaroo-s-foot%1:20:00::
kaposi's_sarcoma%1:26:00::	kaposi-s_sarcoma%1:26:00::
keep_one's_distance%2:42:00::	keep_one-s_distance%2:42:00::
keep_one's_eyes_off%2:42:00::	keep_one-s_eyes_off%2:42:00::
keep_one's_eyes_open%2:39:00::	keep_one-s_eyes_open%2:39:00::
keep_one's_eyes_peeled%2:39:00::	keep_one-s_eyes_peeled%2:39:00::
keep_one's_eyes_skinned%2:39:00::	keep_one-s_eyes_skinned%2:39:00::
keep_one's_hands_off%2:42:00::	keep_one-s_hands_off%2:42:00::
keep_one's_mouth_shut%2:32:00::	keep_one-s_mouth_shut%2:32:00::
keep_one's_nose_to_the_grindstone%2:41:00::	keep_one-s_nose_to_the_grindstone%2:41:00::
keep_one's_shoulder_to_the_wheel%2:41:00::	keep_one-s_shoulder_to_the_wheel%2:41:00::
kendall's_tau%1:09:00::	kendall-s_tau%1:09:00::
kepler's_first_law%1:09:00::	kepler-s_first_law%1:09:00::
kepler's_law%1:09:00::	kepler-s_law%1:09:00::
kepler's_law_of_planetary_motion%1:09:00::	kepler-s_law_of_planetary_motion%1:09:00::
kepler's_second_law%1:09:00::	kepler-s_second_law%1:09:00::
kepler's_third_law%1:09:00::	kepler-s_third_law%1:09:00::
kernig's_sign%1:26:00::	kernig-s_sign%1:26:00::
kick_one's_heels%2:42:00::	kick_one-s_heels%2:42:00::
king's_counsel%1:18:00::	king-s_counsel%1:18:00::
king's_english%1:10:00::	king-s_english%1:10:00::
king's_evil%1:26:00::	king-s_evil%1:26:00::
king's_ransom%1:21:00::	king-s_ransom%1:21:00::
king's_spear%1:20:00::	king-s_spear%1:20:00::
kipp's_apparatus%1:06:00::	kipp-s_apparatus%1:06:00::
kirchhoff's_laws%1:09:00::	kirchhoff-s_laws%1:09:00::
klinefelter's_syndrome%1:26:00::	klinefelter-s_syndrome%1:26:00::
knight's_service%1:04:00::	knight-s_service%1:04:00::
knowlton's_cactus%1:20:00::	knowlton-s_cactus%1:20:00::
know_what's_going_on%2:31:00::	know_what-s_going_on%2:31:00::
know_what's_what%2:31:00::	know_what-s_what%2:31:00::
ko'd%5:00:00:unconscious:00	ko-d%5:00:00:unconscious:00
koplik's_spots%1:26:00::	koplik-s_spots%1:26:00::
korsakoff's_psychosis%1:26:00::	korsakoff-s_psychosis%1:26:00::
korsakoff's_syndrome%1:26:00::	korsakoff-s_syndrome%1:26:00::
korsakov's_psychosis%1:26:00::	korsakov-s_psychosis%1:26:00::
korsakov's_syndrome%1:26:00::	korsakov-s_syndrome%1:26:00::
kundt's_tube%1:06:00::	kundt-s_tube%1:06:00::
kupffer's_cell%1:08:00::	kupffer-s_cell%1:08:00::
kussmaul's_coma%1:09:00::	kussmaul-s_coma%1:09:00::
ladies'-eardrop%1:20:00::	ladies--eardrop%1:20:00::
ladies'-eardrops%1:20:00::	ladies--eardrops%1:20:00::
ladies'_man%1:18:00::	ladies-_man%1:18:00::
ladies'_room%1:06:00::	ladies-_room%1:06:00::
ladies'_slipper%1:20:00::	ladies-_slipper%1:20:00::
ladies'_tobacco%1:20:00::	ladies-_tobacco%1:20:00::
ladies'_tresses%1:20:00::	ladies-_tresses%1:20:00::
lad's_love%1:20:00::	lad-s_love%1:20:00::
lady's-eardrop%1:20:00::	lady-s-eardrop%1:20:00::
lady's-eardrops%1:20:00::	lady-s-eardrops%1:20:00::
lady's_earrings%1:20:00::	lady-s_earrings%1:20:00::
lady's-finger%1:20:00::	lady-s-finger%1:20:00::
lady's_laces%1:20:00::	lady-s_laces%1:20:00::
lady's_leek%1:20:00::	lady-s_leek%1:20:00::
lady's_maid%1:18:00::	lady-s_maid%1:18:00::
lady's_slipper%1:20:00::	lady-s_slipper%1:20:00::
lady's_smock%1:20:00::	lady-s_smock%1:20:00::
lady's_thistle%1:20:00::	lady-s_thistle%1:20:00::
lady's_tobacco%1:20:00::	lady-s_tobacco%1:20:00::
lady's_tresses%1:20:00::	lady-s_tresses%1:20:00::
lafora's_disease%1:26:00::	lafora-s_disease%1:26:00::
lag_b'omer%1:28:00::	lag_b-omer%1:28:00::
lamb's_lettuce%1:20:00::	lamb-s_lettuce%1:20:00::
lamb's-quarter%1:13:00::	lamb-s-quarter%1:13:00::
lamb's-quarters%1:20:00::	lamb-s-quarters%1:20:00::
landlord's_lien%1:21:00::	landlord-s_lien%1:21:00::
landry's_paralysis%1:26:00::	landry-s_paralysis%1:26:00::
lane's_prince_albert%1:13:00::	lane-s_prince_albert%1:13:00::
langue_d'oc%1:10:00::	langue_d-oc%1:10:00::
langue_d'oc_french%1:10:00::	langue_d-oc_french%1:10:00::
langue_d'oil%1:10:00::	langue_d-oil%1:10:00::
langue_d'oil_french%1:10:00::	langue_d-oil_french%1:10:00::
lao_people's_democratic_republic%1:15:00::	lao_people-s_democratic_republic%1:15:00::
l'aquila%1:15:00::	l-aquila%1:15:00::
large_yellow_lady's_slipper%1:20:00::	large_yellow_lady-s_slipper%1:20:00::
lawson's_cedar%1:20:00::	lawson-s_cedar%1:20:00::
lawson's_cypress%1:20:00::	lawson-s_cypress%1:20:00::
learner's_dictionary%1:10:00::	learner-s_dictionary%1:10:00::
learner's_permit%1:10:00::	learner-s_permit%1:10:00::
le_chatelier's_law%1:09:00::	le_chatelier-s_law%1:09:00::
le_chatelier's_principle%1:09:00::	le_chatelier-s_principle%1:09:00::
lee's_birthday%1:28:00::	lee-s_birthday%1:28:00::
legionnaire's_disease%1:26:00::	legionnaire-s_disease%1:26:00::
leichtlin's_camas%1:20:00::	leichtlin-s_camas%1:20:00::
l'enfant%1:18:00::	l-enfant%1:18:00::
leopard's-bane%1:20:00::	leopard-s-bane%1:20:00::
levi's%1:06:00::	levi-s%1:06:00::
leydig's_cell%1:08:00::	leydig-s_cell%1:08:00::
liam_o'flaherty%1:18:00::	liam_o-flaherty%1:18:00::
light-o'-love%1:18:00::	light-o--love%1:18:00::
lincoln's_birthday%1:28:00::	lincoln-s_birthday%1:28:00::
line_one's_pockets%2:40:00::	line_one-s_pockets%2:40:00::
lion's_beard%1:20:00::	lion-s_beard%1:20:00::
lion's-ear%1:20:00::	lion-s-ear%1:20:00::
lion's_foot%1:20:00::	lion-s_foot%1:20:00::
lizard's-tail%1:20:00::	lizard-s-tail%1:20:00::
lizard's-tail_family%1:20:00::	lizard-s-tail_family%1:20:00::
log_z's%2:29:00::	log_z-s%2:29:00::
lord's_day%1:28:00::	lord-s_day%1:28:00::
lord's_prayer%1:10:00::	lord-s_prayer%1:10:00::
lord's_supper%1:04:00::	lord-s_supper%1:04:00::
lord's_supper%1:04:01::	lord-s_supper%1:04:01::
lord's_table%1:06:00::	lord-s_table%1:06:00::
lot's_wife%1:18:00::	lot-s_wife%1:18:00::
lou_gehrig's_disease%1:26:00::	lou_gehrig-s_disease%1:26:00::
louis_d'or%1:21:00::	louis_d-or%1:21:00::
louis_d'outremer%1:18:00::	louis_d-outremer%1:18:00::
lover's_knot%1:06:00::	lover-s_knot%1:06:00::
low_st_andrew's_cross%1:20:00::	low_st_andrew-s_cross%1:20:00::
lubber's_hole%1:06:00::	lubber-s_hole%1:06:00::
lubber's_line%1:10:00::	lubber-s_line%1:10:00::
lubber's_mark%1:10:00::	lubber-s_mark%1:10:00::
lubber's_point%1:10:00::	lubber-s_point%1:10:00::
luschka's_tonsil%1:08:00::	luschka-s_tonsil%1:08:00::
ma'am%1:18:00::	ma-am%1:18:00::
machinist's_vise%1:06:00::	machinist-s_vise%1:06:00::
maitre_d'hotel%1:18:00::	maitre_d-hotel%1:18:00::
make_one's_way%2:38:00::	make_one-s_way%2:38:00::
make_up_one's_mind%2:31:00::	make_up_one-s_mind%2:31:00::
mama's_boy%1:18:00::	mama-s_boy%1:18:00::
mamma's_boy%1:18:00::	mamma-s_boy%1:18:00::
man's_body%1:08:00::	man-s_body%1:08:00::
marco_polo's_sheep%1:05:00::	marco_polo-s_sheep%1:05:00::
mare's_nest%1:26:00::	mare-s_nest%1:26:00::
mare's_tail%1:17:00::	mare-s_tail%1:17:00::
marfan's_syndrome%1:26:00::	marfan-s_syndrome%1:26:00::
marie_anne_charlotte_corday_d'armont%1:18:00::	marie_anne_charlotte_corday_d-armont%1:18:00::
mariner's_compass%1:06:00::	mariner-s_compass%1:06:00::
mariotte's_law%1:09:00::	mariotte-s_law%1:09:00::
marsh_st-john's_wort%1:20:00::	marsh_st-john-s_wort%1:20:00::
martha's_vineyard%1:15:00::	martha-s_vineyard%1:15:00::
martin_luther_king_jr's_birthday%1:28:00::	martin_luther_king_jr-s_birthday%1:28:00::
mary_flannery_o'connor%1:18:00::	mary_flannery_o-connor%1:18:00::
mason_and_dixon's_line%1:15:00::	mason_and_dixon-s_line%1:15:00::
mason's_level%1:06:00::	mason-s_level%1:06:00::
mason's_trowel%1:06:00::	mason-s_trowel%1:06:00::
master's_degree%1:10:00::	master-s_degree%1:10:00::
maule's_quince%1:20:00::	maule-s_quince%1:20:00::
maximilian's_sunflower%1:20:00::	maximilian-s_sunflower%1:20:00::
maxwell's_equations%1:10:00::	maxwell-s_equations%1:10:00::
mcardle's_disease%1:26:00::	mcardle-s_disease%1:26:00::
mcburney's_point%1:08:00::	mcburney-s_point%1:08:00::
mead's_milkweed%1:20:00::	mead-s_milkweed%1:20:00::
mechanic's_lien%1:21:00::	mechanic-s_lien%1:21:00::
meckel's_diverticulum%1:26:00::	meckel-s_diverticulum%1:26:00::
medusa's_head%1:20:01::	medusa-s_head%1:20:01::
medusa's_head%1:20:02::	medusa-s_head%1:20:02::
mendeleev's_law%1:09:00::	mendeleev-s_law%1:09:00::
mendel's_law%1:09:00::	mendel-s_law%1:09:00::
meniere's_disease%1:26:00::	meniere-s_disease%1:26:00::
men's%1:06:00::	men-s%1:06:00::
men's_furnishings%1:06:00::	men-s_furnishings%1:06:00::
men's_room%1:06:00::	men-s_room%1:06:00::
mercator's_projection%1:06:00::	mercator-s_projection%1:06:00::
midsummer's_day%1:28:00::	midsummer-s_day%1:28:00::
miller's-thumb%1:05:00::	miller-s-thumb%1:05:00::
mind's_eye%1:09:00::	mind-s_eye%1:09:00::
miner's_cat%1:05:00::	miner-s_cat%1:05:00::
miner's_lettuce%1:20:00::	miner-s_lettuce%1:20:00::
moeller's_glossitis%1:26:00::	moeller-s_glossitis%1:26:00::
molisch's_test%1:27:00::	molisch-s_test%1:27:00::
mongolian_people's_republic%1:15:00::	mongolian_people-s_republic%1:15:00::
monk's_cloth%1:06:00::	monk-s_cloth%1:06:00::
monro's_foramen%1:08:00::	monro-s_foramen%1:08:00::
montagu's_harrier%1:05:00::	montagu-s_harrier%1:05:00::
montezuma's_revenge%1:26:00::	montezuma-s_revenge%1:26:00::
montgomery's_tubercle%1:08:00::	montgomery-s_tubercle%1:08:00::
morlett's_crocodile%1:05:00::	morlett-s_crocodile%1:05:00::
morrow's_honeysuckle%1:20:00::	morrow-s_honeysuckle%1:20:00::
mother_carey's_chicken%1:05:00::	mother_carey-s_chicken%1:05:00::
mother_carey's_hen%1:05:00::	mother_carey-s_hen%1:05:00::
mother-in-law's_tongue%1:20:01::	mother-in-law-s_tongue%1:20:01::
mother-in-law's_tongue%1:20:02::	mother-in-law-s_tongue%1:20:02::
mother's_boy%1:18:00::	mother-s_boy%1:18:00::
mother's_daughter%1:18:00::	mother-s_daughter%1:18:00::
mother's_day%1:28:00::	mother-s_day%1:28:00::
mother's_milk%1:08:00::	mother-s_milk%1:08:00::
mother's_son%1:18:00::	mother-s_son%1:18:00::
mountain_four_o'clock%1:20:00::	mountain_four_o-clock%1:20:00::
mountain_lady's_slipper%1:20:00::	mountain_lady-s_slipper%1:20:00::
mouse's_nest%1:17:00::	mouse-s_nest%1:17:00::
mu'adhdhin%1:18:00::	mu-adhdhin%1:18:00::
mug's_game%1:04:00::	mug-s_game%1:04:00::
mule's_ears%1:20:00::	mule-s_ears%1:20:00::
munchausen's_syndrome%1:26:00::	munchausen-s_syndrome%1:26:00::
murphy's_law%1:10:00::	murphy-s_law%1:10:00::
naegele's_rule%1:09:00::	naegele-s_rule%1:09:00::
napier's_bones%1:06:00::	napier-s_bones%1:06:00::
napier's_rods%1:06:00::	napier-s_rods%1:06:00::
n'djamena%1:15:00::	n-djamena%1:15:00::
neat's-foot_oil%1:27:00::	neat-s-foot_oil%1:27:00::
ne'er%4:02:00::	ne-er%4:02:00::
ne'er-do-well%1:18:00::	ne-er-do-well%1:18:00::
nero's_crown%1:20:00::	nero-s_crown%1:20:00::
newton's_first_law%1:09:00::	newton-s_first_law%1:09:00::
newton's_first_law_of_motion%1:09:00::	newton-s_first_law_of_motion%1:09:00::
newton's_law%1:09:00::	newton-s_law%1:09:00::
newton's_law_of_gravitation%1:09:00::	newton-s_law_of_gravitation%1:09:00::
newton's_law_of_motion%1:09:00::	newton-s_law_of_motion%1:09:00::
newton's_second_law%1:09:00::	newton-s_second_law%1:09:00::
newton's_second_law_of_motion%1:09:00::	newton-s_second_law_of_motion%1:09:00::
newton's_theory_of_gravitation%1:09:00::	newton-s_theory_of_gravitation%1:09:00::
newton's_third_law%1:09:00::	newton-s_third_law%1:09:00::
newton's_third_law_of_motion%1:09:00::	newton-s_third_law_of_motion%1:09:00::
new_year's%1:28:00::	new_year-s%1:28:00::
new_year's_day%1:28:00::	new_year-s_day%1:28:00::
new_year's_eve%1:28:00::	new_year-s_eve%1:28:00::
no_man's_land%1:15:00::	no_man-s_land%1:15:00::
no-man's-land%1:15:00::	no-man-s-land%1:15:00::
noonan's_syndrome%1:26:00::	noonan-s_syndrome%1:26:00::
nor'-east%1:24:00::	nor--east%1:24:00::
nor'-east%4:02:00::	nor--east%4:02:00::
nor'-nor'-east%1:24:00::	nor--nor--east%1:24:00::
nor'-nor'-east%4:02:00::	nor--nor--east%4:02:00::
nor'-nor'-west%1:24:00::	nor--nor--west%1:24:00::
nor'-nor'-west%4:02:00::	nor--nor--west%4:02:00::
northern_jacob's_ladder%1:20:00::	northern_jacob-s_ladder%1:20:00::
nor'-west%1:24:00::	nor--west%1:24:00::
nor'-west%4:02:00::	nor--west%4:02:00::
n't%4:02:00::	n-t%4:02:00::
nurse's_aide%1:18:00::	nurse-s_aide%1:18:00::
nutritionist's_calorie%1:23:00::	nutritionist-s_calorie%1:23:00::
nuttall's_oak%1:20:00::	nuttall-s_oak%1:20:00::
objet_d'art%1:06:00::	objet_d-art%1:06:00::
oboe_d'amore%1:06:00::	oboe_d-amore%1:06:00::
o'brien%1:18:00::	o-brien%1:18:00::
observer's_meridian%1:15:00::	observer-s_meridian%1:15:00::
o'casey%1:18:00::	o-casey%1:18:00::
occam's_razor%1:09:00::	occam-s_razor%1:09:00::
ockham's_razor%1:09:00::	ockham-s_razor%1:09:00::
o'clock%4:02:00::	o-clock%4:02:00::
o'connor%1:18:00::	o-connor%1:18:00::
o'er%4:02:00::	o-er%4:02:00::
officer's_mess%1:06:00::	officer-s_mess%1:06:00::
off_one's_guard%5:00:00:unready:00	off_one-s_guard%5:00:00:unready:00
o'flaherty%1:18:00::	o-flaherty%1:18:00::
of_one's_own%5:00:00:personal:00	of_one-s_own%5:00:00:personal:00
o'hara%1:18:00::	o-hara%1:18:00::
ohm's_law%1:09:00::	ohm-s_law%1:09:00::
o'keeffe%1:18:00::	o-keeffe%1:18:00::
old-maid's_bonnet%1:20:00::	old-maid-s_bonnet%1:20:00::
old_man's_beard%1:20:00::	old_man-s_beard%1:20:00::
old_man's_beard%1:20:01::	old_man-s_beard%1:20:01::
old_man's_beard%1:20:02::	old_man-s_beard%1:20:02::
old_wives'_tale%1:09:00::	old_wives-_tale%1:09:00::
o'neill%1:18:00::	o-neill%1:18:00::
on_one's_guard%5:00:00:wary:00	on_one-s_guard%5:00:00:wary:00
on_one's_own%5:00:00:independent:00	on_one-s_own%5:00:00:independent:00
orphans'_asylum%1:06:00::	orphans-_asylum%1:06:00::
oscar_fingal_o'flahertie_wills_wilde%1:18:00::	oscar_fingal_o-flahertie_wills_wilde%1:18:00::
ostwald's_theory_of_indicators%1:09:00::	ostwald-s_theory_of_indicators%1:09:00::
o'toole%1:18:00::	o-toole%1:18:00::
our_lady's_bedstraw%1:20:00::	our_lady-s_bedstraw%1:20:00::
our_lady's_mild_thistle%1:20:00::	our_lady-s_mild_thistle%1:20:00::
our_lord's_candle%1:20:00::	our_lord-s_candle%1:20:00::
pa'anga%1:23:00::	pa-anga%1:23:00::
paget's_disease%1:26:00::	paget-s_disease%1:26:00::
painter's_colic%1:26:00::	painter-s_colic%1:26:00::
pallas's_cat%1:05:00::	pallas-s_cat%1:05:00::
pallas's_sandgrouse%1:05:00::	pallas-s_sandgrouse%1:05:00::
pandora's_box%1:06:00::	pandora-s_box%1:06:00::
parkinson's%1:26:00::	parkinson-s%1:26:00::
parkinson's_disease%1:26:00::	parkinson-s_disease%1:26:00::
parkinson's_law%1:10:01::	parkinson-s_law%1:10:01::
parkinson's_law%1:10:02::	parkinson-s_law%1:10:02::
parkinson's_syndrome%1:26:00::	parkinson-s_syndrome%1:26:00::
parrot's_beak%1:20:00::	parrot-s_beak%1:20:00::
parrot's_bill%1:20:00::	parrot-s_bill%1:20:00::
parry's_penstemon%1:20:00::	parry-s_penstemon%1:20:00::
parry's_pinyon%1:20:00::	parry-s_pinyon%1:20:00::
parson's_nose%1:13:00::	parson-s_nose%1:13:00::
pascal's_law%1:09:00::	pascal-s_law%1:09:00::
pascal's_law_of_fluid_pressures%1:09:00::	pascal-s_law_of_fluid_pressures%1:09:00::
patriot's_day%1:28:00::	patriot-s_day%1:28:00::
pawnbroker's_shop%1:06:00::	pawnbroker-s_shop%1:06:00::
payne's_gray%1:27:00::	payne-s_gray%1:27:00::
peasant's_revolt%1:04:00::	peasant-s_revolt%1:04:00::
penn'orth%1:23:00::	penn-orth%1:23:00::
people's_democratic_republic_of_yemen%1:15:00::	people-s_democratic_republic_of_yemen%1:15:00::
people's_party%1:14:00::	people-s_party%1:14:00::
people's_republic_of_bangladesh%1:15:00::	people-s_republic_of_bangladesh%1:15:00::
people's_republic_of_china%1:15:00::	people-s_republic_of_china%1:15:00::
people's_republic_of_kampuchea%1:15:00::	people-s_republic_of_kampuchea%1:15:00::
people's_republic_of_the_congo%1:15:00::	people-s_republic_of_the_congo%1:15:00::
pere_david's_deer%1:05:00::	pere_david-s_deer%1:05:00::
peter_o'toole%1:18:00::	peter_o-toole%1:18:00::
peter_seamus_o'toole%1:18:00::	peter_seamus_o-toole%1:18:00::
peter's_gland%1:08:00::	peter-s_gland%1:08:00::
peter's_pence%1:21:00::	peter-s_pence%1:21:00::
peyer's_patch%1:08:00::	peyer-s_patch%1:08:00::
pharaoh's_ant%1:05:00::	pharaoh-s_ant%1:05:00::
pharaoh's_chicken%1:05:00::	pharaoh-s_chicken%1:05:00::
pheasant's-eye%1:20:00::	pheasant-s-eye%1:20:00::
philibert_de_l'orme%1:18:00::	philibert_de_l-orme%1:18:00::
philosopher's_stone%1:27:00::	philosopher-s_stone%1:27:00::
philosopher's_wool%1:27:00::	philosopher-s_wool%1:27:00::
photographer's_model%1:18:00::	photographer-s_model%1:18:00::
pick's_disease%1:26:00::	pick-s_disease%1:26:00::
pierre_charles_l'enfant%1:18:00::	pierre_charles_l-enfant%1:18:00::
pig's_ears%1:20:00::	pig-s_ears%1:20:00::
pigs'_feet%1:13:00::	pigs-_feet%1:13:00::
pigs'_knuckles%1:13:00::	pigs-_knuckles%1:13:00::
pike's_peak%1:17:00::	pike-s_peak%1:17:00::
pilgrim's_journey%1:04:00::	pilgrim-s_journey%1:04:00::
pitcher's_mound%1:06:00::	pitcher-s_mound%1:06:00::
pj's%1:06:00::	pj-s%1:06:00::
planck's_constant%1:23:00::	planck-s_constant%1:23:00::
planck's_law%1:09:00::	planck-s_law%1:09:00::
planck's_radiation_law%1:09:00::	planck-s_radiation_law%1:09:00::
planter's_punch%1:13:00::	planter-s_punch%1:13:00::
plato's_academy%1:14:00::	plato-s_academy%1:14:00::
plumber's_helper%1:06:00::	plumber-s_helper%1:06:00::
plumber's_snake%1:06:00::	plumber-s_snake%1:06:00::
poitrine_d'agneau%1:13:00::	poitrine_d-agneau%1:13:00::
ponte_25'_de_abril%1:06:00::	ponte_25-_de_abril%1:06:00::
poor_man's_orchid%1:20:00::	poor_man-s_orchid%1:20:00::
poor_man's_pulse%1:20:00::	poor_man-s_pulse%1:20:00::
poor_man's_weatherglass%1:20:00::	poor_man-s_weatherglass%1:20:00::
pope's_nose%1:13:00::	pope-s_nose%1:13:00::
porter's_beer%1:13:00::	porter-s_beer%1:13:00::
potter's_clay%1:27:00::	potter-s_clay%1:27:00::
potter's_earth%1:27:00::	potter-s_earth%1:27:00::
potter's_field%1:15:00::	potter-s_field%1:15:00::
potter's_wheel%1:06:00::	potter-s_wheel%1:06:00::
pott's_disease%1:26:00::	pott-s_disease%1:26:00::
prairie_bird's-foot_trefoil%1:20:00::	prairie_bird-s-foot_trefoil%1:20:00::
presidents'_day%1:28:00::	presidents-_day%1:28:00::
prince_albert's_yew%1:20:00::	prince_albert-s_yew%1:20:00::
prince-of-wales'-heath%1:20:00::	prince-of-wales--heath%1:20:00::
prince's-feather%1:20:01::	prince-s-feather%1:20:01::
prince's-feather%1:20:02::	prince-s-feather%1:20:02::
prince's_pine%1:20:00::	prince-s_pine%1:20:00::
prince's-plume%1:20:00::	prince-s-plume%1:20:00::
prince's-plume%1:20:01::	prince-s-plume%1:20:01::
prince's-plume%1:20:02::	prince-s-plume%1:20:02::
printer's_devil%1:18:00::	printer-s_devil%1:18:00::
printer's_ink%1:27:00::	printer-s_ink%1:27:00::
prisoner's_base%1:04:00::	prisoner-s_base%1:04:00::
prompter's_box%1:06:00::	prompter-s_box%1:06:00::
przevalski's_horse%1:05:00::	przevalski-s_horse%1:05:00::
przewalski's_horse%1:05:00::	przewalski-s_horse%1:05:00::
pull_in_one's_horns%2:32:00::	pull_in_one-s_horns%2:32:00::
pull_one's_weight%2:41:00::	pull_one-s_weight%2:41:00::
pull_someone's_leg%2:41:00::	pull_someone-s_leg%2:41:00::
pull_the_wool_over_someone's_eyes%2:32:00::	pull_the_wool_over_someone-s_eyes%2:32:00::
purkinje's_system%1:08:00::	purkinje-s_system%1:08:00::
purkinje's_tissue%1:08:00::	purkinje-s_tissue%1:08:00::
purple_virgin's_bower%1:20:00::	purple_virgin-s_bower%1:20:00::
pussy's-paw%1:20:00::	pussy-s-paw%1:20:00::
quai_d'orsay%1:14:00::	quai_d-orsay%1:14:00::
quai_d'orsay%1:15:00::	quai_d-orsay%1:15:00::
queckenstedt's_test%1:09:00::	queckenstedt-s_test%1:09:00::
queen_anne's_lace%1:20:00::	queen_anne-s_lace%1:20:00::
queen's_counsel%1:18:00::	queen-s_counsel%1:18:00::
queen's_crape_myrtle%1:20:00::	queen-s_crape_myrtle%1:20:00::
queen's_cup%1:20:00::	queen-s_cup%1:20:00::
rabbit's-foot_fern%1:20:00::	rabbit-s-foot_fern%1:20:00::
raison_d'etre%1:07:00::	raison_d-etre%1:07:00::
raison_d'etre%1:09:00::	raison_d-etre%1:09:00::
ram's-head%1:20:00::	ram-s-head%1:20:00::
ram's-head_lady's_slipper%1:20:00::	ram-s-head_lady-s_slipper%1:20:00::
ram's_horn%1:20:00::	ram-s_horn%1:20:00::
ranvier's_nodes%1:08:00::	ranvier-s_nodes%1:08:00::
rat's-tail_cactus%1:20:00::	rat-s-tail_cactus%1:20:00::
rattlesnake's_master%1:20:00::	rattlesnake-s_master%1:20:00::
raynaud's_sign%1:26:00::	raynaud-s_sign%1:26:00::
reach_one's_nostrils%2:39:00::	reach_one-s_nostrils%2:39:00::
red_angel's_trumpet%1:20:00::	red_angel-s_trumpet%1:20:00::
red_bird's_eye%1:20:00::	red_bird-s_eye%1:20:00::
reiter's_disease%1:26:00::	reiter-s_disease%1:26:00::
reiter's_syndrome%1:26:00::	reiter-s_syndrome%1:26:00::
republic_of_cote_d'ivoire%1:15:00::	republic_of_cote_d-ivoire%1:15:00::
reye's_syndrome%1:26:00::	reye-s_syndrome%1:26:00::
richard_d'oyly_carte%1:18:00::	richard_d-oyly_carte%1:18:00::
richardson's_geranium%1:20:00::	richardson-s_geranium%1:20:00::
riggs'_disease%1:26:00::	riggs-_disease%1:26:00::
ringer's_solution%1:27:00::	ringer-s_solution%1:27:00::
robert_e_lee's_birthday%1:28:00::	robert_e_lee-s_birthday%1:28:00::
robin's_plantain%1:20:00::	robin-s_plantain%1:20:00::
rock_'n'_roll%1:04:00::	rock_-n-_roll%1:04:00::
rock_'n'_roll%1:10:00::	rock_-n-_roll%1:10:00::
rock'n'roll%1:10:00::	rock-n-roll%1:10:00::
rock_'n'_roll_musician%1:18:00::	rock_-n-_roll_musician%1:18:00::
rogue's_gallery%1:14:00::	rogue-s_gallery%1:14:00::
rogue's_gallery%1:14:01::	rogue-s_gallery%1:14:01::
rolando's_area%1:08:00::	rolando-s_area%1:08:00::
rolando's_fissure%1:08:00::	rolando-s_fissure%1:08:00::
rugel's_plantain%1:20:00::	rugel-s_plantain%1:20:00::
russell's_body%1:17:00::	russell-s_body%1:17:00::
rydberg's_penstemon%1:20:00::	rydberg-s_penstemon%1:20:00::
sable's_hair_pencil%1:06:00::	sable-s_hair_pencil%1:06:00::
sailor's_breastplate%1:06:00::	sailor-s_breastplate%1:06:00::
sailor's-choice%1:05:01::	sailor-s-choice%1:05:01::
sailor's-choice%1:05:02::	sailor-s-choice%1:05:02::
saint_agnes's_eve%1:28:00::	saint_agnes-s_eve%1:28:00::
saint_anthony's_fire%1:26:00::	saint_anthony-s_fire%1:26:00::
saint-bernard's-lily%1:20:00::	saint-bernard-s-lily%1:20:00::
saint_elmo's_fire%1:19:00::	saint_elmo-s_fire%1:19:00::
saint_elmo's_light%1:19:00::	saint_elmo-s_light%1:19:00::
saint_ignatius'_itch%1:26:00::	saint_ignatius-_itch%1:26:00::
saint_john's%1:15:00::	saint_john-s%1:15:00::
saint_john's%1:15:01::	saint_john-s%1:15:01::
saint-john's-bread%1:13:00::	saint-john-s-bread%1:13:00::
saint_martin's_summer%1:28:00::	saint_martin-s_summer%1:28:00::
saint_patrick's_day%1:28:00::	saint_patrick-s_day%1:28:00::
saint_peter's_wreath%1:20:00::	saint_peter-s_wreath%1:20:00::
saint's_day%1:28:00::	saint-s_day%1:28:00::
saint_ulmo's_fire%1:19:00::	saint_ulmo-s_fire%1:19:00::
saint_ulmo's_light%1:19:00::	saint_ulmo-s_light%1:19:00::
saint_valentine's_day%1:28:00::	saint_valentine-s_day%1:28:00::
san'a%1:15:00::	san-a%1:15:00::
sand_devil's_claw%1:20:00::	sand_devil-s_claw%1:20:00::
schlemm's_canal%1:08:00::	schlemm-s_canal%1:08:00::
schreiber's_aster%1:20:00::	schreiber-s_aster%1:20:00::
scott's_spleenwort%1:20:00::	scott-s_spleenwort%1:20:00::
sean_o'casey%1:18:00::	sean_o-casey%1:18:00::
seller's_market%1:04:00::	seller-s_market%1:04:00::
sertoli's_cell%1:08:00::	sertoli-s_cell%1:08:00::
servant's_entrance%1:06:00::	servant-s_entrance%1:06:00::
seven_years'_war%1:04:00::	seven_years-_war%1:04:00::
's_gravenhage%1:15:00::	-s_gravenhage%1:15:00::
sha'ban%1:28:00::	sha-ban%1:28:00::
shank's_mare%1:08:00::	shank-s_mare%1:08:00::
shanks'_mare%1:08:00::	shanks-_mare%1:08:00::
shank's_pony%1:08:00::	shank-s_pony%1:08:00::
shanks'_pony%1:08:00::	shanks-_pony%1:08:00::
sheep's_fescue%1:20:00::	sheep-s_fescue%1:20:00::
sheep's_sorrel%1:20:00::	sheep-s_sorrel%1:20:00::
shepard's_crook%1:06:00::	shepard-s_crook%1:06:00::
shepherd's_clock%1:20:00::	shepherd-s_clock%1:20:00::
shepherd's_crook%1:06:00::	shepherd-s_crook%1:06:00::
shepherd's_pie%1:13:00::	shepherd-s_pie%1:13:00::
shepherd's_pipe%1:06:01::	shepherd-s_pipe%1:06:01::
shepherd's_pipe%1:06:02::	shepherd-s_pipe%1:06:02::
shepherd's_pouch%1:20:00::	shepherd-s_pouch%1:20:00::
shepherd's_purse%1:20:00::	shepherd-s_purse%1:20:00::
sheriff's_sale%1:10:00::	sheriff-s_sale%1:10:00::
shi'ite%1:18:00::	shi-ite%1:18:00::
shi'ite_muslim%1:18:00::	shi-ite_muslim%1:18:00::
ship's_bell%1:28:00::	ship-s_bell%1:28:00::
ship's_boat%1:06:00::	ship-s_boat%1:06:00::
ship's_chandler%1:18:00::	ship-s_chandler%1:18:00::
ship's_company%1:14:00::	ship-s_company%1:14:00::
ship's_galley%1:06:00::	ship-s_galley%1:06:00::
ship's_officer%1:18:00::	ship-s_officer%1:18:00::
ship's_papers%1:10:00::	ship-s_papers%1:10:00::
shirodkar's_operation%1:04:00::	shirodkar-s_operation%1:04:00::
shoemaker's_last%1:06:00::	shoemaker-s_last%1:06:00::
shoot-'em-up%1:10:00::	shoot--em-up%1:10:00::
shoot_one's_mouth_off%2:32:00::	shoot_one-s_mouth_off%2:32:00::
short's_aster%1:20:00::	short-s_aster%1:20:00::
shove-ha'penny%1:04:00::	shove-ha-penny%1:04:00::
showy_lady's-slipper%1:20:00::	showy_lady-s-slipper%1:20:00::
shrubby_st_john's_wort%1:20:00::	shrubby_st_john-s_wort%1:20:00::
shut_one's_mouth%2:32:00::	shut_one-s_mouth%2:32:00::
slip_one's_mind%2:31:00::	slip_one-s_mind%2:31:00::
slopseller's_shop%1:06:00::	slopseller-s_shop%1:06:00::
snake's_head_fritillary%1:20:00::	snake-s_head_fritillary%1:20:00::
socialist_people's_libyan_arab_jamahiriya%1:15:00::	socialist_people-s_libyan_arab_jamahiriya%1:15:00::
solomon's-seal%1:20:00::	solomon-s-seal%1:20:00::
sou'-east%1:24:00::	sou--east%1:24:00::
sou'easter%1:19:00::	sou-easter%1:19:00::
sou'-est%4:02:00::	sou--est%4:02:00::
sou'-sou'-east%1:24:00::	sou--sou--east%1:24:00::
sou'-sou'-east%4:02:00::	sou--sou--east%4:02:00::
sou'-sou'-west%1:24:00::	sou--sou--west%1:24:00::
sou'-sou'-west%4:02:00::	sou--sou--west%4:02:00::
sou'-west%1:24:00::	sou--west%1:24:00::
sou'west%4:02:00::	sou-west%4:02:00::
sou'wester%1:06:00::	sou-wester%1:06:00::
sou'wester%1:19:00::	sou-wester%1:19:00::
sow_one's_oats%2:34:00::	sow_one-s_oats%2:34:00::
sow_one's_wild_oats%2:34:00::	sow_one-s_wild_oats%2:34:00::
spider's_web%1:06:00::	spider-s_web%1:06:00::
squirrel's-foot_fern%1:20:00::	squirrel-s-foot_fern%1:20:00::
stag's_garlic%1:20:00::	stag-s_garlic%1:20:00::
stag's-horn_coral%1:05:00::	stag-s-horn_coral%1:05:00::
standard_and_poor's%1:10:00::	standard_and_poor-s%1:10:00::
standard_and_poor's_index%1:10:00::	standard_and_poor-s_index%1:10:00::
st._andrew's_cross%1:06:00::	st._andrew-s_cross%1:06:00::
st_andrews's_cross%1:20:00::	st_andrews-s_cross%1:20:00::
st._anthony's_cross%1:06:00::	st._anthony-s_cross%1:06:00::
state's_attorney%1:18:00::	state-s_attorney%1:18:00::
state's_evidence%1:10:00::	state-s_evidence%1:10:00::
states'_rights%1:07:00::	states-_rights%1:07:00::
states'_rights%1:09:00::	states-_rights%1:09:00::
states'_rights_democratic_party%1:14:00::	states-_rights_democratic_party%1:14:00::
st._barbara's_herb%1:20:00::	st._barbara-s_herb%1:20:00::
st.-bruno's-lily%1:20:00::	st.-bruno-s-lily%1:20:00::
st._dabeoc's_heath%1:20:00::	st._dabeoc-s_heath%1:20:00::
steinert's_disease%1:26:00::	steinert-s_disease%1:26:00::
stellar's_sea_eagle%1:05:00::	stellar-s_sea_eagle%1:05:00::
steller's_sea_cow%1:05:00::	steller-s_sea_cow%1:05:00::
steller's_sea_lion%1:05:00::	steller-s_sea_lion%1:05:00::
st._elmo's_fire%1:19:00::	st._elmo-s_fire%1:19:00::
st._george's%1:15:00::	st._george-s%1:15:00::
still's_disease%1:26:00::	still-s_disease%1:26:00::
st._john's%1:15:00::	st._john-s%1:15:00::
st._john's%1:15:01::	st._john-s%1:15:01::
st_john's_day%1:28:00::	st_john-s_day%1:28:00::
st_john's_eve%1:28:00::	st_john-s_eve%1:28:00::
st_john's_night%1:28:00::	st_john-s_night%1:28:00::
st_john's_wort%1:20:00::	st_john-s_wort%1:20:00::
st_john's_wort_family%1:20:00::	st_john-s_wort_family%1:20:00::
st_martin's_day%1:28:00::	st_martin-s_day%1:28:00::
stokes'_aster%1:20:00::	stokes-_aster%1:20:00::
stone's_throw%1:23:00::	stone-s_throw%1:23:00::
st_patrick's_day%1:28:00::	st_patrick-s_day%1:28:00::
st_peter's_wort%1:20:00::	st_peter-s_wort%1:20:00::
st._peter's_wreath%1:20:00::	st._peter-s_wreath%1:20:00::
sturt's_desert_pea%1:20:00::	sturt-s_desert_pea%1:20:00::
st_valentine's_day%1:28:00::	st_valentine-s_day%1:28:00::
surgeon's_knot%1:06:00::	surgeon-s_knot%1:06:00::
surveyor's_instrument%1:06:00::	surveyor-s_instrument%1:06:00::
surveyor's_level%1:06:00::	surveyor-s_level%1:06:00::
swan's_down%1:05:00::	swan-s_down%1:05:00::
swan's_down%1:06:00::	swan-s_down%1:06:00::
sweet_four_o'clock%1:20:00::	sweet_four_o-clock%1:20:00::
swimmer's_itch%1:26:00::	swimmer-s_itch%1:26:00::
sydenham's_chorea%1:26:00::	sydenham-s_chorea%1:26:00::
systeme_international_d'unites%1:23:00::	systeme_international_d-unites%1:23:00::
table_d'hote%1:10:00::	table_d-hote%1:10:00::
table_d'hote%3:00:00::	table_d-hote%3:00:00::
tailor's_chalk%1:06:00::	tailor-s_chalk%1:06:00::
tailor's_tack%1:06:00::	tailor-s_tack%1:06:00::
takayasu's_arteritis%1:26:00::	takayasu-s_arteritis%1:26:00::
tam-o'-shanter%1:06:00::	tam-o--shanter%1:06:00::
tanner's_cassia%1:20:00::	tanner-s_cassia%1:20:00::
teacher's_certificate%1:10:00::	teacher-s_certificate%1:10:00::
teacher's_pet%1:18:00::	teacher-s_pet%1:18:00::
thirty_years'_war%1:04:00::	thirty_years-_war%1:04:00::
tho'%4:02:00::	tho-%4:02:00::
thomsen's_disease%1:26:00::	thomsen-s_disease%1:26:00::
thomson's_gazelle%1:05:00::	thomson-s_gazelle%1:05:00::
three_kings'_day%1:28:00::	three_kings-_day%1:28:00::
thresher's_lung%1:26:00::	thresher-s_lung%1:26:00::
t'ien-ching%1:15:00::	t-ien-ching%1:15:00::
tietze's_syndrome%1:26:00::	tietze-s_syndrome%1:26:00::
tinker's_dam%1:07:00::	tinker-s_dam%1:07:00::
tinker's_damn%1:07:00::	tinker-s_damn%1:07:00::
tinker's_root%1:20:00::	tinker-s_root%1:20:00::
tisha_b'ab%1:28:00::	tisha_b-ab%1:28:00::
tisha_b'av%1:28:00::	tisha_b-av%1:28:00::
tishah_b'ab%1:28:00::	tishah_b-ab%1:28:00::
tishah_b'av%1:28:00::	tishah_b-av%1:28:00::
too_big_for_one's_breeches%5:00:00:proud:00	too_big_for_one-s_breeches%5:00:00:proud:00
toper's_nose%1:26:00::	toper-s_nose%1:26:00::
torrey's_pine%1:20:00::	torrey-s_pine%1:20:00::
tourette's_syndrome%1:26:00::	tourette-s_syndrome%1:26:00::
tradescant's_aster%1:20:00::	tradescant-s_aster%1:20:00::
trailing_four_o'clock%1:20:00::	trailing_four_o-clock%1:20:00::
tramp's_spurge%1:20:00::	tramp-s_spurge%1:20:00::
trapper's_tea%1:20:00::	trapper-s_tea%1:20:00::
traveler's_check%1:21:00::	traveler-s_check%1:21:00::
traveler's_joy%1:20:00::	traveler-s_joy%1:20:00::
traveler's_letter_of_credit%1:21:00::	traveler-s_letter_of_credit%1:21:00::
traveler's_tree%1:20:00::	traveler-s_tree%1:20:00::
traveller's_check%1:21:00::	traveller-s_check%1:21:00::
traveller's_joy%1:20:00::	traveller-s_joy%1:20:00::
traveller's_letter_of_credit%1:21:00::	traveller-s_letter_of_credit%1:21:00::
traveller's_tree%1:20:00::	traveller-s_tree%1:20:00::
treasurer's_check%1:21:00::	treasurer-s_check%1:21:00::
treasurer's_cheque%1:21:00::	treasurer-s_cheque%1:21:00::
trompe_l'oeil%1:06:00::	trompe_l-oeil%1:06:00::
trompe-l'oeil%5:00:00:unreal:00	trompe-l-oeil%5:00:00:unreal:00
true_lover's_knot%1:06:00::	true_lover-s_knot%1:06:00::
turk's-cap%1:20:01::	turk-s-cap%1:20:01::
turk's-cap%1:20:02::	turk-s-cap%1:20:02::
turk's_cap-lily%1:20:00::	turk-s_cap-lily%1:20:00::
turk's_head%1:06:00::	turk-s_head%1:06:00::
turner's_syndrome%1:26:00::	turner-s_syndrome%1:26:00::
turn_one's_stomach%2:39:00::	turn_one-s_stomach%2:39:00::
'tween%4:02:00::	-tween%4:02:00::
'tween_decks%4:02:00::	-tween_decks%4:02:00::
under_one's_nose%5:00:00:obvious:00	under_one-s_nose%5:00:00:obvious:00
united_arab_emirates's_capital%1:15:00::	united_arab_emirates-s_capital%1:15:00::
united_nations_children's_fund%1:14:00::	united_nations_children-s_fund%1:14:00::
united_nations_international_children's_emergency_fund%1:14:00::	united_nations_international_children-s_emergency_fund%1:14:00::
united_society_of_believers_in_christ's_second_appearing%1:14:00::	united_society_of_believers_in_christ-s_second_appearing%1:14:00::
upon_one's_guard%5:00:00:wary:00	upon_one-s_guard%5:00:00:wary:00
valentine's_day%1:28:00::	valentine-s_day%1:28:00::
valle_d'aosta%1:15:00::	valle_d-aosta%1:15:00::
van_der_waal's_forces%1:19:00::	van_der_waal-s_forces%1:19:00::
venn's_diagram%1:06:00::	venn-s_diagram%1:06:00::
ventriloquist's_dummy%1:06:00::	ventriloquist-s_dummy%1:06:00::
venus'-hair_fern%1:20:00::	venus--hair_fern%1:20:00::
venus's_curse%1:26:00::	venus-s_curse%1:26:00::
venus's_flower_basket%1:05:00::	venus-s_flower_basket%1:05:00::
venus's_flytrap%1:20:00::	venus-s_flytrap%1:20:00::
venus's_flytraps%1:20:00::	venus-s_flytraps%1:20:00::
venus's_girdle%1:05:00::	venus-s_girdle%1:05:00::
venus'_slipper%1:20:00::	venus-_slipper%1:20:00::
venus's_shoe%1:20:00::	venus-s_shoe%1:20:00::
venus's_slipper%1:20:00::	venus-s_slipper%1:20:00::
verner's_law%1:09:00::	verner-s_law%1:09:00::
veterans'_day%1:28:00::	veterans-_day%1:28:00::
vincent's_angina%1:26:00::	vincent-s_angina%1:26:00::
vincent's_infection%1:26:00::	vincent-s_infection%1:26:00::
viola_d'amore%1:06:00::	viola_d-amore%1:06:00::
viper's_bugloss%1:20:00::	viper-s_bugloss%1:20:00::
viper's_grass%1:20:00::	viper-s_grass%1:20:00::
virgin's_bower%1:20:00::	virgin-s_bower%1:20:00::
von_recklinghausen's_disease%1:26:00::	von_recklinghausen-s_disease%1:26:00::
von_willebrand's_disease%1:26:00::	von_willebrand-s_disease%1:26:00::
waiter's_assistant%1:18:00::	waiter-s_assistant%1:18:00::
warehouseman's_lien%1:21:00::	warehouseman-s_lien%1:21:00::
washington's_birthday%1:28:00::	washington-s_birthday%1:28:00::
wash_one's_hands%2:32:00::	wash_one-s_hands%2:32:00::
wasp's_nest%1:17:00::	wasp-s_nest%1:17:00::
waste_one's_time%2:42:00::	waste_one-s_time%2:42:00::
weaver's_broom%1:20:00::	weaver-s_broom%1:20:00::
weaver's_hitch%1:06:00::	weaver-s_hitch%1:06:00::
weaver's_knot%1:06:00::	weaver-s_knot%1:06:00::
weber's_law%1:09:00::	weber-s_law%1:09:00::
weil's_disease%1:26:00::	weil-s_disease%1:26:00::
welder's_mask%1:06:00::	welder-s_mask%1:06:00::
wen_ch'ang%1:18:00::	wen_ch-ang%1:18:00::
werlhof's_disease%1:26:00::	werlhof-s_disease%1:26:00::
wernicke's_aphasia%1:26:00::	wernicke-s_aphasia%1:26:00::
wernicke's_area%1:08:00::	wernicke-s_area%1:08:00::
wernicke's_center%1:08:00::	wernicke-s_center%1:08:00::
wernicke's_encephalopathy%1:26:00::	wernicke-s_encephalopathy%1:26:00::
western_ladies'_tresses%1:20:00::	western_ladies-_tresses%1:20:00::
western_prince's_pine%1:20:00::	western_prince-s_pine%1:20:00::
whipple's_penstemon%1:20:00::	whipple-s_penstemon%1:20:00::
white_dog's-tooth_violet%1:20:00::	white_dog-s-tooth_violet%1:20:00::
white_man's_burden%1:04:00::	white_man-s_burden%1:04:00::
white-man's_foot%1:20:00::	white-man-s_foot%1:20:00::
whiteman's_foot%1:20:00::	whiteman-s_foot%1:20:00::
white-rayed_mule's_ears%1:20:00::	white-rayed_mule-s_ears%1:20:00::
widal's_test%1:09:00::	widal-s_test%1:09:00::
widow's_peak%1:08:00::	widow-s_peak%1:08:00::
widow's_walk%1:06:00::	widow-s_walk%1:06:00::
widow's_weeds%1:06:00::	widow-s_weeds%1:06:00::
will-o'-the-wisp%1:09:00::	will-o--the-wisp%1:09:00::
will-o'-the-wisp%1:19:00::	will-o--the-wisp%1:19:00::
wilms'_tumor%1:26:00::	wilms-_tumor%1:26:00::
wilson's_blackcap%1:05:00::	wilson-s_blackcap%1:05:00::
wilson's_disease%1:26:00::	wilson-s_disease%1:26:00::
wilson's_phalarope%1:05:00::	wilson-s_phalarope%1:05:00::
wilson's_snipe%1:05:00::	wilson-s_snipe%1:05:00::
wilson's_thrush%1:05:00::	wilson-s_thrush%1:05:00::
wilson's_warbler%1:05:00::	wilson-s_warbler%1:05:00::
wine-maker's_yeast%1:20:00::	wine-maker-s_yeast%1:20:00::
winner's_circle%1:15:00::	winner-s_circle%1:15:00::
winter's_bark%1:20:01::	winter-s_bark%1:20:01::
winter's_bark%1:20:02::	winter-s_bark%1:20:02::
winter's_bark_family%1:20:00::	winter-s_bark_family%1:20:00::
winter's_bark_tree%1:20:00::	winter-s_bark_tree%1:20:00::
witches'_broom%1:20:00::	witches-_broom%1:20:00::
witches'_butter%1:20:00::	witches-_butter%1:20:00::
witches'_sabbath%1:14:00::	witches-_sabbath%1:14:00::
wolf's_bane%1:20:00::	wolf-s_bane%1:20:00::
wolf's_milk%1:20:00::	wolf-s_milk%1:20:00::
woman's_body%1:08:00::	woman-s_body%1:08:00::
woman's_doctor%1:18:00::	woman-s_doctor%1:18:00::
woman's_hat%1:06:00::	woman-s_hat%1:06:00::
women's_lib%1:04:00::	women-s_lib%1:04:00::
women's_liberationist%1:18:00::	women-s_liberationist%1:18:00::
women's_liberation_movement%1:04:00::	women-s_liberation_movement%1:04:00::
women's_rightist%1:18:00::	women-s_rightist%1:18:00::
wood's_alloy%1:27:00::	wood-s_alloy%1:27:00::
wood's_metal%1:27:00::	wood-s_metal%1:27:00::
workmen's_compensation%1:21:00::	workmen-s_compensation%1:21:00::
work_one's_way%2:38:00::	work_one-s_way%2:38:00::
writer's_block%1:09:00::	writer-s_block%1:09:00::
writer's_cramp%1:26:00::	writer-s_cramp%1:26:00::
writer's_name%1:10:00::	writer-s_name%1:10:00::
wrong_'un%1:04:00::	wrong_-un%1:04:00::
yak's_milk%1:13:00::	yak-s_milk%1:13:00::
yellow_adder's_tongue%1:20:00::	yellow_adder-s_tongue%1:20:00::
yellow_bachelor's_button%1:20:00::	yellow_bachelor-s_button%1:20:00::
yellow_lady's_slipper%1:20:00::	yellow_lady-s_slipper%1:20:00::
young's_modulus%1:23:00::	young-s_modulus%1:23:00::
you're_welcome%5:00:00:welcome:00	you-re_welcome%5:00:00:welcome:00
